claim_id,claim,maturity,proof_or_argument,implementation,test_or_source,raw_evidence,paper_location,fresh_recheck,independent_recheck
C01,Accessible-set feasibility with the empty-row precheck is exact,proved; finite-checked,docs/proofs.md feasibility theorem,src/producer.py; src/checker.py,tests/oracle.py; tests/test_boundary.py,results/local/oracle_summary.json; results/local/unit.txt,thm:feasibility,2026-10-06 fresh Windows finite campaign PASS; 47 executed tests; no Ant/JVM run,literal permutation oracle and separate checker
C02,A nonempty residual trap is a sound and complete infeasibility certificate,proved; finite-checked,docs/proofs.md residual-trap theorem,src/producer.py obstruction emission; src/checker.py obstruction replay,tests/oracle.py; adversarial mutation tests,results/local/oracle_summary.json; results/local/unit.txt,thm:trap,2026-10-06 fresh Windows finite campaign PASS; 47 executed tests; no Ant/JVM run,literal permutation oracle and mutation rejection
C03,Positive order witnesses plus counterfactual obstructions certify the exact owner sets; same-owner provider possibilities need not be enumerated,proved; finite-checked; externally checked,docs/proofs.md exact-certificate theorems,src/producer.py; src/checker.py,tests/oracle.py; scripts/public_corpus.py,results/local/oracle_summary.json; results/public/summary.json,thm:certificate; sec:checker; tab:public,2026-10-06 fresh Windows finite campaign PASS; 47 executed tests; no Ant/JVM run,separate checker; literal oracle; both external Ant orders
C04,Owner projection may remove provider ambiguity when several providers share one declared owner,proved; finite-checked,docs/proofs.md owner-projection corollary,src/producer.py; src/checker.py,tests/oracle.py all-shared owner map,results/local/oracle_details.csv,sec:semantics; sec:oracle,2026-10-06 fresh Windows finite campaign PASS; 47 executed tests; no Ant/JVM run,literal oracle with two owner maps
C05,Omitted equal-byte providers cannot generally be detected from the alleged inventory and output alone,proved; fixture-checked,docs/proofs.md missing-provider proposition,none,test_missing_inventory_is_not_detectable_in_general,results/local/unit.txt,prop:missing; sec:limits,2026-10-06 fresh Windows finite campaign PASS; 47 executed tests; no Ant/JVM run,indistinguishable-history argument plus boundary fixture
C06,A trusted complete provider order leaves at most one feasible world; ambiguity requires partial order evidence in this language,proved; regression-checked,docs/proofs.md complete-order corollary,src/producer.py; src/checker.py,test_total_order_collapses_or_rejects,results/local/unit.txt,sec:complete-order,2026-10-06 fresh Windows finite campaign PASS; 47 executed tests; no Ant/JVM run,ordinary proof and targeted finite regression
C07,"90,582 labelled tiny models yield zero semantic mismatches",measured; exhaustive for frozen family,docs/study-protocol.md exact finite oracle,tests/oracle.py,all specified one-to-three-provider models,results/local/oracle_details.csv; results/local/oracle_summary.json,tab:oracle; sec:oracle,2026-10-06 fresh Windows finite campaign PASS; 47 executed tests; no Ant/JVM run,literal permutation enumeration implemented separately from producer search
C08,The separate replay checker rejects malformed graphs false witnesses and invented or mis-scoped blockers,measured; mutation-checked,docs/protocol.md; docs/study-protocol.md,src/checker.py,47 executed regression and mutation tests including eight completion regressions,results/local/unit.txt,sec:checker; sec:oracle,2026-10-06 fresh Windows finite campaign PASS; 47 executed tests; no Ant/JVM run,checker import-separation test and adversarial mutations
C09,The frozen public inventory contains 43 study JARs plus two Ant builder JARs and exactly 40 of 903 unordered pairs collide outside META-INF,measured; independently recomputed,docs/study-protocol.md public selection,scripts/verify_public_inputs.py,inputs/public/providers.csv; inputs/public/collision_pairs.csv; licenses,results/local/public-inputs.txt; inputs/public/selection.json,sec:public-design; tab:public,2026-10-06 passive bundled-input census PASS; no provider code executed,all-pairs recomputation independent of retained pair table
C10,All 80 concrete Ant builds agree with direct first-winner prediction independent archive adapters and the two-order certificate oracle,measured; externally checked; retained Linux evidence,docs/study-protocol.md public oracle,src/archive_producer.py; src/archive_checker.py; scripts/public_corpus.py,Apache Ant 1.10.15 Zip task on both orders of 40 pairs,results/public/summary.json; results/public/cases.csv; results/public/builder.log,tab:public; sec:public-results,Retained earlier Linux execution; no fresh Ant or JVM outcome claimed on Windows,external Ant implementation plus two separately written archive adapters
C11,"Thirty reversed public pairs have identical complete output byte maps while 3,471 shared regions change hidden winner",measured; exact two-order comparison; retained Linux evidence,docs/study-protocol.md identifiability contrast,scripts/public_corpus.py,both concrete orders for every equal-only pair,results/public/summary.json; results/public/cases.csv,sec:identifiability; tab:public,Retained earlier Linux execution; no fresh Ant or JVM outcome claimed on Windows,complete output-map equality and concrete order provenance
C12,Global order coupling resolves 100 equal-byte public observations that local byte equality leaves ambiguous,measured; exact two-order comparison; retained Linux evidence,docs/study-protocol.md mixed-pair design,src/archive_producer.py; src/archive_checker.py,mixed pair p021 in both Ant orders,results/public/summary.json; results/public/retained/p021-ab.graph.json; results/public/retained/p021-ab.certificate.json,fig:coupled; sec:global-narrowing; tab:public,Retained earlier Linux execution; no fresh Ant or JVM outcome claimed on Windows,external mixed-pair Ant outputs and literal two-order oracle
C13,The fixed 60-case campaign contains 43 classified 15 inconsistent and two rejected inputs,measured; clean-replayable,docs/study-protocol.md generated/boundary selection,scripts/campaign.py,inputs/index.json,results/local/cases.csv; results/local/campaign_summary.json,tab:campaign,2026-10-06 fresh Windows finite campaign PASS; 47 executed tests; no Ant/JVM run,fixed cases plus checker replay
C14,"Three deterministic scale probes replay certificates with up to 300 providers, 20,000 regions, 240,000 incidences, and an 8,602,784-byte certificate",measured; bounded probe,docs/study-protocol.md scale design,scripts/scale.py; src/producer.py; src/checker.py,three fixed scale recipes,results/local/scale_summary.json; results/local/scale.txt,sec:scale; tab:scale,2026-10-06 fresh Windows finite campaign PASS; 47 executed tests; no Ant/JVM run,certificate files are read back from disk by the separate checker; not an asymptotic proof
C15,Two owned compiled-Java first-winner builds preserve the concrete runtime winner and replay their certificates,measured; benign integration probe; retained Linux evidence,docs/study-protocol.md Java integration design,scripts/java_pilot.py; src/archive_producer.py; src/archive_checker.py,two owned Java source builds in opposite orders,results/java_summary.json; results/java.txt; results/java/,sec:java,Retained earlier Linux execution; no fresh Ant or JVM outcome claimed on Windows,JVM readback plus separate archive checker; no Android claim
C16,"On 8,156 public collision observations, certified owner sets are exact for the two-order oracle; local exact bytes miss 100 global narrowings and information-poor singleton rules are exact on 7.44 percent",measured; exact for frozen two-provider family; retained Linux evidence,docs/study-protocol.md reference-method definitions,scripts/public_corpus.py,both concrete orders for all 40 frozen collision pairs,results/public/summary.json; results/public/cases.csv,tab:baselines; fig:references; sec:baselines,Retained earlier Linux execution; no fresh Ant or JVM outcome claimed on Windows,literal two-order oracle; reference rules are transparent and not claimed as external-tool replicas
