name,scholarly_or_official_url,license_or_access_scope,resource_type,acquisition_method,integration_mode,supported_claim,internals_modified,access_date
androlibzoo: AndroLibZoo: A Reliable Dataset of Libraries Based on Software Dependency Analysis,https://doi.org/10.1145/3643991.3644866,read-only scholarly source; not redistributed,research paper,full-text calibration reading,core calibration and manuscript citation,see literature-calibration files or manuscript citation context,no,2026-09-17
androzoo: AndroZoo: Collecting Millions of Android Apps for the Research Community,https://doi.org/10.1145/2901739.2903508,read-only scholarly source; not redistributed,research paper,claim-specific scholarly reading and bibliographic verification,manuscript citation / related-work support,see literature-calibration files or manuscript citation context,no,2026-09-17
"flowdroid: FlowDroid: Precise Context, Flow, Field, Object-sensitive and Lifecycle-aware Taint Analysis for Android Apps",https://doi.org/10.1145/2594291.2594299,read-only scholarly source; not redistributed,research paper,full-text calibration reading,core calibration and manuscript citation,see literature-calibration files or manuscript citation context,no,2026-09-17
iccta: IccTA: Detecting Inter-Component Privacy Leaks in Android Apps,https://doi.org/10.1109/ICSE.2015.48,read-only scholarly source; not redistributed,research paper,claim-specific scholarly reading and bibliographic verification,manuscript citation / related-work support,see literature-calibration files or manuscript citation context,no,2026-09-19
androidslr: Static Analysis of Android Apps: A Systematic Literature Review,https://doi.org/10.1016/j.infsof.2017.04.001,read-only scholarly source; not redistributed,research paper,claim-specific scholarly reading and bibliographic verification,manuscript citation / related-work support,see literature-calibration files or manuscript citation context,no,2026-09-17
commonlibs: An Investigation into the Use of Common Libraries in Android Apps,https://doi.org/10.1109/SANER.2016.52,read-only scholarly source; not redistributed,research paper,claim-specific scholarly reading and bibliographic verification,manuscript citation / related-work support,see literature-calibration files or manuscript citation context,no,2026-09-17
revisitcommon: Revisiting the Impact of Common Libraries for Android-related Investigations,https://doi.org/10.1016/j.jss.2019.04.065,read-only scholarly source; not redistributed,research paper,claim-specific scholarly reading and bibliographic verification,manuscript citation / related-work support,see literature-calibration files or manuscript citation context,no,2026-09-19
libradar: LibRadar: Fast and Accurate Detection of Third-Party Libraries in Android Apps,https://doi.org/10.1145/2889160.2889178,read-only scholarly source; not redistributed,research paper,claim-specific scholarly reading and bibliographic verification,manuscript citation / related-work support,see literature-calibration files or manuscript citation context,no,2026-09-17
libscout: Reliable Third-Party Library Detection in Android and its Security Applications,https://doi.org/10.1145/2976749.2978333,read-only scholarly source; not redistributed,research paper,full-text calibration reading,core calibration and manuscript citation,see literature-calibration files or manuscript citation context,no,2026-09-17
libd: LibD: Scalable and Precise Third-Party Library Detection in Android Markets,https://doi.org/10.1109/ICSE.2017.38,read-only scholarly source; not redistributed,research paper,full-text calibration reading,core calibration and manuscript citation,see literature-calibration files or manuscript citation context,no,2026-09-17
libid: LibID: Reliable Identification of Obfuscated Third-Party Android Libraries,https://doi.org/10.1145/3293882.3330563,read-only scholarly source; not redistributed,research paper,full-text calibration reading,core calibration and manuscript citation,see literature-calibration files or manuscript citation context,no,2026-09-17
atvhunter: ATVHunter: Reliable Version Detection of Third-Party Libraries for Vulnerability Identification in Android Applications,https://doi.org/10.1109/ICSE43902.2021.00150,read-only scholarly source; not redistributed,research paper,full-text calibration reading,core calibration and manuscript citation,see literature-calibration files or manuscript citation context,no,2026-09-17
tplreview: Research on Third-Party Libraries in Android Apps: A Taxonomy and Systematic Literature Review,https://doi.org/10.1109/TSE.2021.3114381,read-only scholarly source; not redistributed,research paper,claim-specific scholarly reading and bibliographic verification,manuscript citation / related-work support,see literature-calibration files or manuscript citation context,no,2026-09-17
sad: Version-level Third-Party Library Detection in Android Applications via Class Structural Similarity,https://doi.org/10.1145/3756681.3756933,read-only scholarly source; not redistributed,research paper,claim-specific scholarly reading and bibliographic verification,manuscript citation / related-work support,see literature-calibration files or manuscript citation context,no,2026-09-19
libhunter: How Does Code Optimization Impact Third-party Library Detection for Android Applications?,https://doi.org/10.1145/3691620.3695554,read-only scholarly source; not redistributed,research paper,claim-specific scholarly reading and bibliographic verification,manuscript citation / related-work support,see literature-calibration files or manuscript citation context,no,2026-09-19
xtralibd: XtraLibD: Detecting Third-Party Libraries in Android Applications,https://doi.org/10.48550/arXiv.2202.10776,read-only scholarly source; not redistributed,research paper,claim-specific scholarly reading and bibliographic verification,manuscript citation / related-work support,see literature-calibration files or manuscript citation context,no,2026-09-17
libdb: LibDB: An Effective and Efficient Framework for Detecting Third-Party Libraries in Binaries,https://doi.org/10.1145/3524842.3528442,read-only scholarly source; not redistributed,research paper,claim-specific scholarly reading and bibliographic verification,manuscript citation / related-work support,see literature-calibration files or manuscript citation context,no,2026-09-17
centris: CENTRIS: A Precise and Scalable Approach for Identifying Modified Open-Source Software Reuse,https://doi.org/10.1109/ICSE43902.2021.00083,read-only scholarly source; not redistributed,research paper,claim-specific scholarly reading and bibliographic verification,manuscript citation / related-work support,see literature-calibration files or manuscript citation context,no,2026-09-17
osspolice: Identifying Open-Source License Violation and 1-day Security Risk at Large Scale,https://doi.org/10.1145/3133956.3134048,read-only scholarly source; not redistributed,research paper,claim-specific scholarly reading and bibliographic verification,manuscript citation / related-work support,see literature-calibration files or manuscript citation context,no,2026-09-17
libam: LibAM: An Area Matching Framework for Detecting Third-Party Libraries in Binaries,https://doi.org/10.1145/3625294,read-only scholarly source; not redistributed,research paper,full-text calibration reading,core calibration and manuscript citation,see literature-calibration files or manuscript citation context,no,2026-09-17
pcc: Proof-Carrying Code,https://doi.org/10.1145/263699.263712,read-only scholarly source; not redistributed,research paper,full-text calibration reading,core calibration and manuscript citation,see literature-calibration files or manuscript citation context,no,2026-09-17
pccfoundations: Foundational Proof-Carrying Code,https://doi.org/10.1109/LICS.2001.932501,read-only scholarly source; not redistributed,research paper,claim-specific scholarly reading and bibliographic verification,manuscript citation / related-work support,see literature-calibration files or manuscript citation context,no,2026-09-17
compcert: Formal Verification of a Realistic Compiler,https://doi.org/10.1145/1538788.1538814,read-only scholarly source; not redistributed,research paper,full-text calibration reading,core calibration and manuscript citation,see literature-calibration files or manuscript citation context,no,2026-09-17
dcert: Certificate Enhanced Data-Flow Analysis,https://doi.org/10.48550/arXiv.1808.01246,read-only scholarly source; not redistributed,research paper,claim-specific scholarly reading and bibliographic verification,manuscript citation / related-work support,see literature-calibration files or manuscript citation context,no,2026-09-17
horn: A Representation of Antimatroids by Horn Rules and its Application to Educational Systems,https://doi.org/10.1016/j.jmp.2016.09.002,read-only scholarly source; not redistributed,research paper,claim-specific scholarly reading and bibliographic verification,manuscript citation / related-work support,see literature-calibration files or manuscript citation context,no,2026-09-17
abstractinterp: Abstract Interpretation: A Unified Lattice Model for Static Analysis of Programs by Construction or Approximation of Fixpoints,https://doi.org/10.1145/512950.512973,read-only scholarly source; not redistributed,research paper,claim-specific scholarly reading and bibliographic verification,manuscript citation / related-work support,see literature-calibration files or manuscript citation context,no,2026-09-17
programchecking: Designing Programs that Check Their Work,https://doi.org/10.1145/200836.200880,read-only scholarly source; not redistributed,research paper,claim-specific scholarly reading and bibliographic verification,manuscript citation / related-work support,see literature-calibration files or manuscript citation context,no,2026-09-17
translationvalidation: Translation Validation,https://doi.org/10.1145/277650.277665,read-only scholarly source; not redistributed,research paper,claim-specific scholarly reading and bibliographic verification,manuscript citation / related-work support,see literature-calibration files or manuscript citation context,no,2026-09-17
buildsystems: Build Systems \`a la Carte,https://doi.org/10.1145/3236774,read-only scholarly source; not redistributed,research paper,full-text calibration reading,core calibration and manuscript citation,see literature-calibration files or manuscript citation context,no,2026-09-17
intoto: in-toto: Providing Farm-to-Table Guarantees for Bits and Bytes,https://www.usenix.org/conference/usenixsecurity19/presentation/torres-arias,read-only scholarly source; not redistributed,research paper,full-text calibration reading,core calibration and manuscript citation,see literature-calibration files or manuscript citation context,no,2026-09-17
tuf: Survivable Key Compromise in Software Update Systems,https://www.usenix.org/legacy/events/sec10/tech/full_papers/Samuel.pdf,read-only scholarly source; not redistributed,research paper,claim-specific scholarly reading and bibliographic verification,manuscript citation / related-work support,see literature-calibration files or manuscript citation context,no,2026-09-17
semverbreaking: Semantic Versioning versus Breaking Changes: A Study of the Maven Repository,https://doi.org/10.1109/SCAM.2014.30,read-only scholarly source; not redistributed,research paper,claim-specific scholarly reading and bibliographic verification,manuscript citation / related-work support,see literature-calibration files or manuscript citation context,no,2026-09-17
mavenbreaking: Breaking Bad? Semantic Versioning and Impact of Breaking Changes in Maven Central,https://doi.org/10.1007/s10664-021-10052-y,read-only scholarly source; not redistributed,research paper,claim-specific scholarly reading and bibliographic verification,manuscript citation / related-work support,see literature-calibration files or manuscript citation context,no,2026-09-17
"mavenrepo: The Maven Repository Dataset of Metrics, Changes, and Dependencies",https://doi.org/10.1109/MSR.2013.6624031,read-only scholarly source; not redistributed,research paper,claim-specific scholarly reading and bibliographic verification,manuscript citation / related-work support,see literature-calibration files or manuscript citation context,no,2026-09-17
depclean: A Comprehensive Study of Bloated Dependencies in the Maven Ecosystem,https://doi.org/10.1007/s10664-020-09914-8,read-only scholarly source; not redistributed,research paper,claim-specific scholarly reading and bibliographic verification,manuscript citation / related-work support,see literature-calibration files or manuscript citation context,no,2026-09-17
sensor: Will Dependency Conflicts Affect My Program's Semantics?,https://doi.org/10.1109/TSE.2021.3057767,read-only scholarly source; not redistributed,research paper,claim-specific scholarly reading and bibliographic verification,manuscript citation / related-work support,see literature-calibration files or manuscript citation context,no,2026-09-17
incompatibleapi: Automatically Detecting Incompatible Android APIs,https://doi.org/10.1145/3624737,read-only scholarly source; not redistributed,research paper,full-text calibration reading,core calibration and manuscript citation,see literature-calibration files or manuscript citation context,no,2026-09-17
tamingreflection: Taming Reflection: An Essential Step Toward Whole-program Analysis of Android Apps,https://doi.org/10.1145/3440033,read-only scholarly source; not redistributed,research paper,full-text calibration reading,core calibration and manuscript citation,see literature-calibration files or manuscript citation context,no,2026-09-19
hiddenops: Demystifying Hidden Sensitive Operations in Android Apps,https://doi.org/10.1145/3574158,read-only scholarly source; not redistributed,research paper,full-text calibration reading,core calibration and manuscript citation,see literature-calibration files or manuscript citation context,no,2026-09-17
reunify: Demystifying React Native Android Apps for Static Analysis,https://doi.org/10.1145/3702977,read-only scholarly source; not redistributed,research paper,full-text calibration reading,core calibration and manuscript citation,see literature-calibration files or manuscript citation context,no,2026-09-17
archer: Resolving Conditional Implicit Calls to Improve Static and Dynamic Analysis in Android Apps,https://doi.org/10.1145/3729168,read-only scholarly source; not redistributed,research paper,full-text calibration reading,core calibration and manuscript citation,see literature-calibration files or manuscript citation context,no,2026-09-17
arcturus: ARCTURUS: Full Coverage Binary Similarity Analysis with Reachability-guided Emulation,https://doi.org/10.1145/3640337,read-only scholarly source; not redistributed,research paper,full-text calibration reading,core calibration and manuscript citation,see literature-calibration files or manuscript citation context,no,2026-09-17
beyondtests: Beyond Tests: Program Analysis as a Generalisation of Testing,https://doi.org/10.1145/3418461,read-only scholarly source; not redistributed,research paper,full-text calibration reading,core calibration and manuscript citation,see literature-calibration files or manuscript citation context,no,2026-09-17
seads: SEADS: Scalable and Cost-effective Dynamic Dependence Analysis of Distributed Systems via Reinforcement Learning,https://doi.org/10.1145/3379345,read-only scholarly source; not redistributed,research paper,full-text calibration reading,core calibration and manuscript citation,see literature-calibration files or manuscript citation context,no,2026-09-17
reliablefix: Reliable Fix Patterns Inferred from Static Checkers for Automated Program Repair,https://doi.org/10.1145/3579637,read-only scholarly source; not redistributed,research paper,full-text calibration reading,core calibration and manuscript citation,see literature-calibration files or manuscript citation context,no,2026-09-17
seal: SEAL: Integrating Program Analysis and Repository Mining,https://doi.org/10.1145/3585008,read-only scholarly source; not redistributed,research paper,full-text calibration reading,core calibration and manuscript citation,see literature-calibration files or manuscript citation context,no,2026-09-19
supplychainresearch: Research Directions in Software Supply Chain Security,https://doi.org/10.1145/3714464,read-only scholarly source; not redistributed,research paper,full-text calibration reading,core calibration and manuscript citation,see literature-calibration files or manuscript citation context,no,2026-09-17
temporalincremental: Temporal-Incremental Learning for Android Malware Detection,https://doi.org/10.1145/3702990,read-only scholarly source; not redistributed,research paper,claim-specific scholarly reading and bibliographic verification,manuscript citation / related-work support,see literature-calibration files or manuscript citation context,no,2026-09-17
"malwareobfuscation: Lightweight, Obfuscation-Resilient Detection and Family Identification of Android Malware",https://doi.org/10.1145/3162625,read-only scholarly source; not redistributed,research paper,claim-specific scholarly reading and bibliographic verification,manuscript citation / related-work support,see literature-calibration files or manuscript citation context,no,2026-09-17
raicc: RAICC: Revealing Atypical Inter-Component Communication in Android Apps,https://doi.org/10.1109/ICSE43902.2021.00126,read-only scholarly source; not redistributed,research paper,claim-specific scholarly reading and bibliographic verification,manuscript citation / related-work support,see literature-calibration files or manuscript citation context,no,2026-09-19
jucify: JuCify: A Step Towards Android Code Unification for Enhanced Static Analysis,https://doi.org/10.1145/3510003.3512766,read-only scholarly source; not redistributed,research paper,claim-specific scholarly reading and bibliographic verification,manuscript citation / related-work support,see literature-calibration files or manuscript citation context,no,2026-09-19
difuzer: Difuzer: Uncovering Suspicious Hidden Sensitive Operations in Android Apps,https://doi.org/10.1145/3510003.3510135,read-only scholarly source; not redistributed,research paper,claim-specific scholarly reading and bibliographic verification,manuscript citation / related-work support,see literature-calibration files or manuscript citation context,no,2026-09-19
"provenance: Provenance in Databases: Why, How, and Where",https://doi.org/10.1561/1900000006,read-only scholarly source; not redistributed,research paper,claim-specific scholarly reading and bibliographic verification,manuscript citation / related-work support,see literature-calibration files or manuscript citation context,no,2026-09-17
edgeminer: EdgeMiner: Automatically Detecting Implicit Control Flow Transitions through the Android Framework,https://www.ndss-symposium.org/ndss2015/ndss-2015-programme/edgeminer-automatically-detecting-implicit-control-flow-transitions-through-android-framework/,read-only scholarly source; not redistributed,research paper,claim-specific scholarly reading and bibliographic verification,manuscript citation / Android callback-semantics context,framework-mediated implicit control flow is an Android-analysis concern distinct from archive provenance,no,2026-09-17
Apache Ant 1.10.15,https://ant.apache.org/,Apache-licensed builder JARs retained with Debian copyright record,build tool and binary input,Debian package files already present in the execution environment,unmodified offline builder,80 first-winner archive builds,no,2026-09-17
libbatik-java,https://packages.debian.org/search?keywords=libbatik-java,third-party package terms in retained Debian copyright record,public JAR inputs,Debian-distributed package files,unmodified study providers,Batik modular/equal/mixed collision pairs,no,2026-09-17
libhsqldb1.8.0-java,https://packages.debian.org/search?keywords=libhsqldb1.8.0-java,third-party package terms in retained Debian copyright record,public JAR inputs,Debian-distributed package files,unmodified study providers,equal-byte collision pair,no,2026-09-17
libjaxp1.3-java,https://packages.debian.org/search?keywords=libjaxp1.3-java,third-party package terms in retained Debian copyright record,public JAR inputs,Debian-distributed package files,unmodified study providers,different-byte XML API pairs,no,2026-09-17
liblayout-java,https://packages.debian.org/search?keywords=liblayout-java,third-party package terms in retained Debian copyright record,public JAR inputs,Debian-distributed package files,unmodified study providers,different-byte service/resource collision,no,2026-09-17
liblibreoffice-java / libunoloader-java,https://packages.debian.org/search?keywords=libreoffice-java,third-party package terms in retained Debian copyright records,public JAR inputs,Debian-distributed package files,unmodified study providers,different-byte pair,no,2026-09-17
libmail-java,https://packages.debian.org/search?keywords=libmail-java,third-party package terms in retained Debian copyright record,public JAR inputs,Debian-distributed package files,unmodified study providers,three equal-byte mail archive pairs,no,2026-09-17
libpentaho-reporting-flow-engine-java,https://packages.debian.org/search?keywords=libpentaho-reporting-flow-engine-java,third-party package terms in retained Debian copyright record,public JAR inputs,Debian-distributed package files,unmodified study providers,different-byte resource pairs,no,2026-09-17
libsac-java,https://packages.debian.org/search?keywords=libsac-java,third-party package terms in retained Debian copyright record,public JAR inputs,Debian-distributed package files,unmodified study providers,different-byte API pairs,no,2026-09-17
libwebsocket-api-java,https://packages.debian.org/search?keywords=libwebsocket-api-java,third-party package terms in retained Debian copyright record,public JAR inputs,Debian-distributed package files,unmodified study providers,equal-byte API pair,no,2026-09-17
libxml-commons-external-java,https://packages.debian.org/search?keywords=libxml-commons-external-java,third-party package terms in retained Debian copyright record,public JAR inputs,Debian-distributed package files,unmodified study providers,different-byte XML API pairs,no,2026-09-17
libxml-java,https://packages.debian.org/search?keywords=libxml-java,third-party package terms in retained Debian copyright record,public JAR inputs,Debian-distributed package files,unmodified study provider,different-byte service/resource pair,no,2026-09-17
Supplied acmart class and ACM bibliography style,https://www.acm.org/publications/authors/submissions,user-supplied publisher assets; retained notice; unmodified,paper template,matched user-supplied TEMPLATE.zip,paper typography and bibliography only,36-page internal manuscript rendering,no,2026-09-17
ACM TOSEM author guidelines,https://dl.acm.org/journal/tosem/author-guidelines,workflow source; not redistributed,venue guidance,live page recheck attempted; access blocked in this environment,external-readiness hold only,no assertion of current external submission clearance,no,2026-09-17
