pair_id,left,right,kind,shared_nonmeta,equal_nonmeta,different_nonmeta
p001,batik-all-1.18.jar,batik-anim-1.18.jar,equal-only,399,399,0
p002,batik-all-1.18.jar,batik-awt-util-1.18.jar,equal-only,224,224,0
p003,batik-all-1.18.jar,batik-bridge-1.18.jar,equal-only,402,402,0
p004,batik-all-1.18.jar,batik-codec-1.18.jar,equal-only,46,46,0
p005,batik-all-1.18.jar,batik-constants-1.18.jar,equal-only,1,1,0
p006,batik-all-1.18.jar,batik-css-1.18.jar,equal-only,240,240,0
p007,batik-all-1.18.jar,batik-dom-1.18.jar,equal-only,116,116,0
p008,batik-all-1.18.jar,batik-ext-1.18.jar,equal-only,7,7,0
p009,batik-all-1.18.jar,batik-extension-1.18.jar,equal-only,48,48,0
p010,batik-all-1.18.jar,batik-gui-util-1.18.jar,equal-only,208,208,0
p011,batik-all-1.18.jar,batik-gvt-1.18.jar,equal-only,103,103,0
p012,batik-all-1.18.jar,batik-i18n-1.18.jar,equal-only,4,4,0
p013,batik-all-1.18.jar,batik-parser-1.18.jar,equal-only,57,57,0
p014,batik-all-1.18.jar,batik-rasterizer-1.18.jar,equal-only,1,1,0
p015,batik-all-1.18.jar,batik-script-1.18.jar,equal-only,13,13,0
p016,batik-all-1.18.jar,batik-slideshow-1.18.jar,equal-only,4,4,0
p017,batik-all-1.18.jar,batik-svg-dom-1.18.jar,equal-only,119,119,0
p018,batik-all-1.18.jar,batik-svgbrowser-1.18.jar,equal-only,299,299,0
p019,batik-all-1.18.jar,batik-svggen-1.18.jar,equal-only,158,158,0
p020,batik-all-1.18.jar,batik-svgpp-1.18.jar,equal-only,11,11,0
p021,batik-all-1.18.jar,batik-svgrasterizer-1.18.jar,mixed,47,46,1
p022,batik-all-1.18.jar,batik-swing-1.18.jar,equal-only,168,168,0
p023,batik-all-1.18.jar,batik-transcoder-1.18.jar,equal-only,61,61,0
p024,batik-all-1.18.jar,batik-ttf2svg-1.18.jar,equal-only,1,1,0
p025,batik-all-1.18.jar,batik-util-1.18.jar,equal-only,83,83,0
p026,batik-all-1.18.jar,batik-xml-1.18.jar,equal-only,7,7,0
p027,batik-rasterizer-1.18.jar,batik-svgrasterizer-1.18.jar,different-only,1,0,1
p028,flow-engine-0.9.4.jar,liblayout-0.2.10.jar,different-only,1,0,1
p029,flow-engine-0.9.4.jar,libxml-1.1.7.jar,different-only,1,0,1
p030,hsqldb1.8.0-1.8.0.10+dfsg.jar,hsqldbutil1.8.0-1.8.0.10+dfsg.jar,equal-only,106,106,0
p031,javax.mail-1.6.5.jar,javax.mail-api-1.6.5.jar,equal-only,140,140,0
p032,javax.mail-1.6.5.jar,mailapi-1.6.5.jar,equal-only,201,201,0
p033,javax.mail-api-1.6.5.jar,mailapi-1.6.5.jar,equal-only,140,140,0
p034,liblayout-0.2.10.jar,libxml-1.1.7.jar,different-only,1,0,1
p035,libreoffice-25.2.3.jar,unoloader-25.2.3.jar,different-only,1,0,1
p036,sac.jar,xml-apis-1.3.04.jar,different-only,29,0,29
p037,sac.jar,xml-apis-ext-1.4.01.jar,different-only,29,0,29
p038,websocket-api.jar,websocket-client-api.jar,equal-only,45,45,0
p039,xml-apis-1.3.04.jar,xml-apis-1.4.01.jar,different-only,301,0,301
p040,xml-apis-1.3.04.jar,xml-apis-ext-1.4.01.jar,different-only,192,0,192
