archive,owner,package,package_version,source_package,homepage,bytes
ant-1.10.15.jar,lib:ant-1.10.15,ant,1.10.15-1,,http://ant.apache.org,2306686
ant-launcher-1.10.15.jar,lib:ant-launcher-1.10.15,ant,1.10.15-1,,http://ant.apache.org,18868
batik-all-1.18.jar,lib:batik-all-1.18,libbatik-java,1.18+dfsg-2,batik,https://xmlgraphics.apache.org/batik/,4328384
batik-anim-1.18.jar,lib:batik-anim-1.18,libbatik-java,1.18+dfsg-2,batik,https://xmlgraphics.apache.org/batik/,491865
batik-awt-util-1.18.jar,lib:batik-awt-util-1.18,libbatik-java,1.18+dfsg-2,batik,https://xmlgraphics.apache.org/batik/,427375
batik-bridge-1.18.jar,lib:batik-bridge-1.18,libbatik-java,1.18+dfsg-2,batik,https://xmlgraphics.apache.org/batik/,713169
batik-codec-1.18.jar,lib:batik-codec-1.18,libbatik-java,1.18+dfsg-2,batik,https://xmlgraphics.apache.org/batik/,113312
batik-constants-1.18.jar,lib:batik-constants-1.18,libbatik-java,1.18+dfsg-2,batik,https://xmlgraphics.apache.org/batik/,8596
batik-css-1.18.jar,lib:batik-css-1.18,libbatik-java,1.18+dfsg-2,batik,https://xmlgraphics.apache.org/batik/,334760
batik-dom-1.18.jar,lib:batik-dom-1.18,libbatik-java,1.18+dfsg-2,batik,https://xmlgraphics.apache.org/batik/,186078
batik-ext-1.18.jar,lib:batik-ext-1.18,libbatik-java,1.18+dfsg-2,batik,https://xmlgraphics.apache.org/batik/,10385
batik-extension-1.18.jar,lib:batik-extension-1.18,libbatik-java,1.18+dfsg-2,batik,https://xmlgraphics.apache.org/batik/,73106
batik-gui-util-1.18.jar,lib:batik-gui-util-1.18,libbatik-java,1.18+dfsg-2,batik,https://xmlgraphics.apache.org/batik/,174993
batik-gvt-1.18.jar,lib:batik-gvt-1.18,libbatik-java,1.18+dfsg-2,batik,https://xmlgraphics.apache.org/batik/,193737
batik-i18n-1.18.jar,lib:batik-i18n-1.18,libbatik-java,1.18+dfsg-2,batik,https://xmlgraphics.apache.org/batik/,11583
batik-parser-1.18.jar,lib:batik-parser-1.18,libbatik-java,1.18+dfsg-2,batik,https://xmlgraphics.apache.org/batik/,77422
batik-rasterizer-1.18.jar,lib:batik-rasterizer-1.18,libbatik-java,1.18+dfsg-2,batik,https://xmlgraphics.apache.org/batik/,9056
batik-script-1.18.jar,lib:batik-script-1.18,libbatik-java,1.18+dfsg-2,batik,https://xmlgraphics.apache.org/batik/,23370
batik-slideshow-1.18.jar,lib:batik-slideshow-1.18,libbatik-java,1.18+dfsg-2,batik,https://xmlgraphics.apache.org/batik/,17858
batik-svg-dom-1.18.jar,lib:batik-svg-dom-1.18,libbatik-java,1.18+dfsg-2,batik,https://xmlgraphics.apache.org/batik/,231119
batik-svgbrowser-1.18.jar,lib:batik-svgbrowser-1.18,libbatik-java,1.18+dfsg-2,batik,https://xmlgraphics.apache.org/batik/,610168
batik-svggen-1.18.jar,lib:batik-svggen-1.18,libbatik-java,1.18+dfsg-2,batik,https://xmlgraphics.apache.org/batik/,229573
batik-svgpp-1.18.jar,lib:batik-svgpp-1.18,libbatik-java,1.18+dfsg-2,batik,https://xmlgraphics.apache.org/batik/,20298
batik-svgrasterizer-1.18.jar,lib:batik-svgrasterizer-1.18,libbatik-java,1.18+dfsg-2,batik,https://xmlgraphics.apache.org/batik/,62167
batik-swing-1.18.jar,lib:batik-swing-1.18,libbatik-java,1.18+dfsg-2,batik,https://xmlgraphics.apache.org/batik/,195945
batik-transcoder-1.18.jar,lib:batik-transcoder-1.18,libbatik-java,1.18+dfsg-2,batik,https://xmlgraphics.apache.org/batik/,130390
batik-ttf2svg-1.18.jar,lib:batik-ttf2svg-1.18,libbatik-java,1.18+dfsg-2,batik,https://xmlgraphics.apache.org/batik/,8092
batik-util-1.18.jar,lib:batik-util-1.18,libbatik-java,1.18+dfsg-2,batik,https://xmlgraphics.apache.org/batik/,128578
batik-xml-1.18.jar,lib:batik-xml-1.18,libbatik-java,1.18+dfsg-2,batik,https://xmlgraphics.apache.org/batik/,34096
flow-engine-0.9.4.jar,lib:flow-engine-0.9.4,libpentaho-reporting-flow-engine-java,0.9.4-6,pentaho-reporting-flow-engine,http://www.pentaho.com/,296031
hsqldb1.8.0-1.8.0.10+dfsg.jar,lib:hsqldb1.8.0-1.8.0.10+dfsg,libhsqldb1.8.0-java,1.8.0.10+dfsg-12.1+deb13u1,hsqldb1.8.0,,755980
hsqldbutil1.8.0-1.8.0.10+dfsg.jar,lib:hsqldbutil1.8.0-1.8.0.10+dfsg,libhsqldb1.8.0-java,1.8.0.10+dfsg-12.1+deb13u1,hsqldb1.8.0,,259896
javax.mail-1.6.5.jar,lib:javax.mail-1.6.5,libmail-java,1.6.5-3,javamail,https://jakartaee.github.io/mail-api,676838
javax.mail-api-1.6.5.jar,lib:javax.mail-api-1.6.5,libmail-java,1.6.5-3,javamail,https://jakartaee.github.io/mail-api,206870
liblayout-0.2.10.jar,lib:liblayout-0.2.10,liblayout-java,0.2.10-5,liblayout,,825778
libreoffice-25.2.3.jar,lib:libreoffice-25.2.3,liblibreoffice-java,4:25.2.3-2+deb13u3,libreoffice,http://www.libreoffice.org,2220364
libxml-1.1.7.jar,lib:libxml-1.1.7,libxml-java,1.1.7-1,,https://sourceforge.net/projects/jfreereport/,79097
mailapi-1.6.5.jar,lib:mailapi-1.6.5,libmail-java,1.6.5-3,javamail,https://jakartaee.github.io/mail-api,362801
sac.jar,lib:sac,libsac-java,1.3+dfsg-6,sacjava,https://www.w3.org/Style/CSS/SAC/,16450
unoloader-25.2.3.jar,lib:unoloader-25.2.3,libunoloader-java,4:25.2.3-2+deb13u3,libreoffice,http://www.libreoffice.org,4745
websocket-api.jar,lib:websocket-api,libwebsocket-api-java,1.1-2,websocket-api,http://websocket-spec.java.net,36324
websocket-client-api.jar,lib:websocket-client-api,libwebsocket-api-java,1.1-2,websocket-api,http://websocket-spec.java.net,27078
xml-apis-1.3.04.jar,lib:xml-apis-1.3.04,libjaxp1.3-java,1.3.05-6,,http://java.sun.com/xml/jaxp/index.jsp,302919
xml-apis-1.4.01.jar,lib:xml-apis-1.4.01,libxml-commons-external-java,1.4.01-6,xml-commons-external,https://xerces.apache.org/xml-commons/,240269
xml-apis-ext-1.4.01.jar,lib:xml-apis-ext-1.4.01,libxml-commons-external-java,1.4.01-6,xml-commons-external,https://xerces.apache.org/xml-commons/,82561
