providers,precedence_mask,structures,labelled_cases,feasible_labelled_cases
1,0,7,14,6
2,0,73,146,58
2,1,73,146,42
2,2,73,146,42
2,3,73,146,0
3,0,703,1406,702
3,1,703,1406,562
3,2,703,1406,562
3,3,703,1406,418
3,4,703,1406,562
3,5,703,1406,0
3,6,703,1406,366
3,7,703,1406,0
3,8,703,1406,562
3,9,703,1406,366
3,10,703,1406,510
3,11,703,1406,366
3,12,703,1406,418
3,13,703,1406,0
3,14,703,1406,366
3,15,703,1406,0
3,16,703,1406,562
3,17,703,1406,366
3,18,703,1406,0
3,19,703,1406,0
3,20,703,1406,510
3,21,703,1406,0
3,22,703,1406,0
3,23,703,1406,0
3,24,703,1406,366
3,25,703,1406,0
3,26,703,1406,0
3,27,703,1406,0
3,28,703,1406,366
3,29,703,1406,0
3,30,703,1406,0
3,31,703,1406,0
3,32,703,1406,562
3,33,703,1406,510
3,34,703,1406,366
3,35,703,1406,366
3,36,703,1406,366
3,37,703,1406,0
3,38,703,1406,0
3,39,703,1406,0
3,40,703,1406,0
3,41,703,1406,0
3,42,703,1406,0
3,43,703,1406,0
3,44,703,1406,0
3,45,703,1406,0
3,46,703,1406,0
3,47,703,1406,0
3,48,703,1406,418
3,49,703,1406,366
3,50,703,1406,0
3,51,703,1406,0
3,52,703,1406,366
3,53,703,1406,0
3,54,703,1406,0
3,55,703,1406,0
3,56,703,1406,0
3,57,703,1406,0
3,58,703,1406,0
3,59,703,1406,0
3,60,703,1406,0
3,61,703,1406,0
3,62,703,1406,0
3,63,703,1406,0
