build_id,pair_id,pair_kind,first_archive,second_archive,entry_regions,collision_regions,admissible_actual_orders,ant_matches_first_winner,archive_adapters_equal,oracle_mismatches,local_ambiguous_regions,certified_ambiguous_regions,global_narrowings,equal_regions_resolved_by_coupling,witness_orders,obstructions,certificate_bytes,output_bytes,output_sha256,catalogue_tiebreak_oracle_exact,inventory_size_proxy_oracle_exact,dependency_oracle_exact,local_bytes_oracle_exact,certified_oracle_exact,trusted_trace_hidden_winner_covered,lowering_seconds,inference_seconds,checking_seconds
p001-ab,p001,equal-only,batik-all-1.18.jar,batik-anim-1.18.jar,2837,401,2,1,1,0,401,401,0,0,2,0,312341,4370866,27469d0e7a7ee26edb35adb2614c53033cdecddbffe516f462ae5f8fd398efc6,0,0,401,401,401,401,0.746872,0.063404,0.124165
p001-ba,p001,equal-only,batik-anim-1.18.jar,batik-all-1.18.jar,2837,401,2,1,1,0,401,401,0,0,2,0,312341,4370866,b56dea48088da2fd6dc2e1752ebe274da1176a0e50d25118193d909cdab59231,0,0,401,401,401,401,0.840229,0.051911,0.092814
p002-ab,p002,equal-only,batik-all-1.18.jar,batik-awt-util-1.18.jar,2837,226,2,1,1,0,226,226,0,0,2,0,305415,4370848,d0f74a05629f272c4b66e445bb08029e7b0ea10fd79e007f5c852bb3a45dcf5f,0,0,226,226,226,226,0.732260,0.063384,0.120031
p002-ba,p002,equal-only,batik-awt-util-1.18.jar,batik-all-1.18.jar,2837,226,2,1,1,0,226,226,0,0,2,0,305415,4370848,f3e1696108af95eb7e081dcfa21d7bb3bec365c9f09dd6321a5051f409e8cfee,0,0,226,226,226,226,0.813974,0.064718,0.102907
p003-ab,p003,equal-only,batik-all-1.18.jar,batik-bridge-1.18.jar,2837,405,2,1,1,0,405,405,0,0,2,0,314169,4370934,721a40e94e1ffec90a79b21f946f9494ed51fd1790bb88ba45aeec77bf762686,0,0,405,405,405,405,0.754250,0.063614,0.121191
p003-ba,p003,equal-only,batik-bridge-1.18.jar,batik-all-1.18.jar,2837,405,2,1,1,0,405,405,0,0,2,0,314169,4370934,7bcdfad555f80b5710af10909164c5789e6afcf2fa2ea9411459afa1123fb6f7,0,0,405,405,405,405,0.839685,0.074606,0.095678
p004-ab,p004,equal-only,batik-all-1.18.jar,batik-codec-1.18.jar,2837,50,2,1,1,0,50,50,0,0,2,0,294895,4370837,cb5cbbde949e9664c4d1e60b1fe93d43c2f5db6d760e3a3ca4d3abedc18cfc5d,0,0,50,50,50,50,0.706193,0.060516,0.120319
p004-ba,p004,equal-only,batik-codec-1.18.jar,batik-all-1.18.jar,2837,50,2,1,1,0,50,50,0,0,2,0,294895,4370837,56de85f6adab378880169ae6102c6d4f2cb742560551137f2f5356d009c57fda,0,0,50,50,50,50,0.502205,0.030310,0.043497
p005-ab,p005,equal-only,batik-all-1.18.jar,batik-constants-1.18.jar,2837,3,2,1,1,0,3,3,0,0,2,0,292491,4370821,f38dd16c5c727f08835cad5b25759160a9811576e83c044b9d98b803fa66384a,0,0,3,3,3,3,0.680481,0.060034,0.088047
p005-ba,p005,equal-only,batik-constants-1.18.jar,batik-all-1.18.jar,2837,3,2,1,1,0,3,3,0,0,2,0,292491,4370821,625b258ab5eef0163e57bf2564cb820fac74a4583fb7831d4ef8946dd90389ee,0,0,3,3,3,3,0.685080,0.066173,0.088685
p006-ab,p006,equal-only,batik-all-1.18.jar,batik-css-1.18.jar,2837,242,2,1,1,0,242,242,0,0,2,0,303903,4370831,30904c68ee70641a6deb4218fa7a1fab3f118d5932917c134f171e41a7c299f6,0,0,242,242,242,242,0.712006,0.060223,0.092021
p006-ba,p006,equal-only,batik-css-1.18.jar,batik-all-1.18.jar,2837,242,2,1,1,0,242,242,0,0,2,0,303903,4370831,108ee359b61a20ef295745c67bf9f55a5f3e11486a2db13dad303c18373fe47e,0,0,242,242,242,242,0.718380,0.063879,0.103671
p007-ab,p007,equal-only,batik-all-1.18.jar,batik-dom-1.18.jar,2837,118,2,1,1,0,118,118,0,0,2,0,297951,4370845,53b76dc5dc869c7309d217c61fdf063239035606d120547b6a7ac745d5265677,0,0,118,118,118,118,0.696971,0.062675,0.095320
p007-ba,p007,equal-only,batik-dom-1.18.jar,batik-all-1.18.jar,2837,118,2,1,1,0,118,118,0,0,2,0,297951,4370845,8acb8b962619055ab9991fafe9790aa62c9974292e79db5c37613cc459598448,0,0,118,118,118,118,0.719065,0.063858,0.118694
p008-ab,p008,equal-only,batik-all-1.18.jar,batik-ext-1.18.jar,2837,9,2,1,1,0,9,9,0,0,2,0,292719,4370792,f4b06d8cbca41391099a6107ab494a901df94a081edc5de9f18fe5e7b1c3ac39,0,0,9,9,9,9,0.677084,0.062315,0.091304
p008-ba,p008,equal-only,batik-ext-1.18.jar,batik-all-1.18.jar,2837,9,2,1,1,0,9,9,0,0,2,0,292719,4370792,0ffd9aa4806388eeb439e9ca5a61420c7b79ee54740ead296c4f8e5d1bcaa88b,0,0,9,9,9,9,0.691410,0.061199,0.071460
p009-ab,p009,equal-only,batik-all-1.18.jar,batik-extension-1.18.jar,2837,52,2,1,1,0,52,52,0,0,2,0,295431,4370908,b5c1b558243a0ccb053d60a024d4154fdeabeabc15d6dc1ea75377d88c076f8c,0,0,52,52,52,52,0.784635,0.059827,0.085353
p009-ba,p009,equal-only,batik-extension-1.18.jar,batik-all-1.18.jar,2837,52,2,1,1,0,52,52,0,0,2,0,295431,4370908,5d72e49a76d3bae02fa12a90ce06d15178da482dfe03e704ebf31950470d8709,0,0,52,52,52,52,0.765805,0.083868,0.090656
p010-ab,p010,equal-only,batik-all-1.18.jar,batik-gui-util-1.18.jar,2837,210,2,1,1,0,210,210,0,0,2,0,304487,4370839,9fd9a34a6892b42bc4939ccb35e3f0056f2085fd5390553b87c69a2a19e098b3,0,0,210,210,210,210,0.545820,0.059453,0.090549
p010-ba,p010,equal-only,batik-gui-util-1.18.jar,batik-all-1.18.jar,2837,210,2,1,1,0,210,210,0,0,2,0,304487,4370839,c135b77b141a3cd0d6785f3fe6c3dc47caced2ec98cf6ea6cf8014c8c89c5a69,0,0,210,210,210,210,0.706202,0.082948,0.089481
p011-ab,p011,equal-only,batik-all-1.18.jar,batik-gvt-1.18.jar,2837,105,2,1,1,0,105,105,0,0,2,0,297327,4370816,c33bcec3845c42503ccb542cba8c2c5f556e130508c4435821a0035b28f597da,0,0,105,105,105,105,0.782002,0.060045,0.091275
p011-ba,p011,equal-only,batik-gvt-1.18.jar,batik-all-1.18.jar,2837,105,2,1,1,0,105,105,0,0,2,0,297327,4370816,6f4e32a87cdd0bbb944be4278540773af968d019c679f01f09d0982c91303111,0,0,105,105,105,105,0.699245,0.050191,0.088842
p012-ab,p012,equal-only,batik-all-1.18.jar,batik-i18n-1.18.jar,2837,6,2,1,1,0,6,6,0,0,2,0,292591,4370796,d3626582c1d69a33d5a0e60777ebae39ab4d7e3ad10eb36936698a0481a29a90,0,0,6,6,6,6,0.659818,0.061021,0.088329
p012-ba,p012,equal-only,batik-i18n-1.18.jar,batik-all-1.18.jar,2837,6,2,1,1,0,6,6,0,0,2,0,292591,4370796,028f114060b6bf107f5ba7d49c08749cf74620716fdc6f0e65696549534705a8,0,0,6,6,6,6,0.691993,0.082942,0.087775
p013-ab,p013,equal-only,batik-all-1.18.jar,batik-parser-1.18.jar,2837,59,2,1,1,0,59,59,0,0,2,0,295485,4370855,1bc0248e2591731d63017855db0e1e46eb7fbb8d042c2df0571eedfa3782bc5e,0,0,59,59,59,59,0.588606,0.060710,0.101345
p013-ba,p013,equal-only,batik-parser-1.18.jar,batik-all-1.18.jar,2837,59,2,1,1,0,59,59,0,0,2,0,295485,4370855,f11dc68c6ace798ebd21b9ed5564f589ba7ae3683cce7fec312f7837eb764cf5,0,0,59,59,59,59,0.581438,0.063674,0.091876
p014-ab,p014,equal-only,batik-all-1.18.jar,batik-rasterizer-1.18.jar,2837,3,2,1,1,0,3,3,0,0,2,0,292501,4370990,7ea32cc171752d1511bcb1b00fc781e60f110790bae7e96ee931eb14c7bcd506,0,0,3,3,3,3,0.680251,0.066314,0.104660
p014-ba,p014,equal-only,batik-rasterizer-1.18.jar,batik-all-1.18.jar,2837,3,2,1,1,0,3,3,0,0,2,0,292501,4370990,43bd745d2dda2e5b9a4466253697ba7dd992f35b64cccf4194a4984fd8014b38,0,0,3,3,3,3,0.686201,0.061320,0.115403
p015-ab,p015,equal-only,batik-all-1.18.jar,batik-script-1.18.jar,2837,16,2,1,1,0,16,16,0,0,2,0,293163,4370900,2dd2b0ea319ca209bf73e8d2e5c14ec098750fa35d3715f88fa20e06394e6762,0,0,16,16,16,16,0.690805,0.061164,0.103545
p015-ba,p015,equal-only,batik-script-1.18.jar,batik-all-1.18.jar,2837,16,2,1,1,0,16,16,0,0,2,0,293163,4370900,f47d5881955d40586da65dfe7bd7df17baf048954ded8a5846c598a47cceb108,0,0,16,16,16,16,0.692252,0.061118,0.114819
p016-ab,p016,equal-only,batik-all-1.18.jar,batik-slideshow-1.18.jar,2837,6,2,1,1,0,6,6,0,0,2,0,292671,4370929,b4f349bd122a30680ba7c659f386785bd542961372f48941293a7515c096ca0b,0,0,6,6,6,6,0.683246,0.059787,0.105567
p016-ba,p016,equal-only,batik-slideshow-1.18.jar,batik-all-1.18.jar,2837,6,2,1,1,0,6,6,0,0,2,0,292671,4370929,c95d9f29cbfe198825e8ed9cac01044e58d13beb5547e2ceda4444773cdbb6a2,0,0,6,6,6,6,0.683374,0.063379,0.113169
p017-ab,p017,equal-only,batik-all-1.18.jar,batik-svg-dom-1.18.jar,2837,121,2,1,1,0,121,121,0,0,2,0,299079,4370887,7740d5b30c14afa63ccca297416a5df56e2ad3eb43a1b3e993473e3dac24aa19,0,0,121,121,121,121,0.713485,0.063062,0.088337
p017-ba,p017,equal-only,batik-svg-dom-1.18.jar,batik-all-1.18.jar,2837,121,2,1,1,0,121,121,0,0,2,0,299079,4370887,4b8005fa4090ef2667d37f188de0ea6e6ea84bb5cbd28b1c51ed575ee234700a,0,0,121,121,121,121,0.739707,0.063698,0.089103
p018-ab,p018,equal-only,batik-all-1.18.jar,batik-svgbrowser-1.18.jar,2837,302,2,1,1,0,302,302,0,0,2,0,311039,4370968,b0e3cfe8ba4129bdf4e66d484f50cff00cc3aad48ea4361c15c01dd8785933fe,0,0,302,302,302,302,0.725778,0.060252,0.091965
p018-ba,p018,equal-only,batik-svgbrowser-1.18.jar,batik-all-1.18.jar,2837,302,2,1,1,0,302,302,0,0,2,0,311039,4370968,3487756d8d70e623157b26473f541c3c16fd055eae3d80eef0a2b345460eaea8,0,0,302,302,302,302,0.776681,0.062432,0.091933
p019-ab,p019,equal-only,batik-all-1.18.jar,batik-svggen-1.18.jar,2837,160,2,1,1,0,160,160,0,0,2,0,300939,4370837,5c5d695beda4378df9f4a28de36a4f529433313c7a89548ee1366d4661e56107,0,0,160,160,160,160,0.693723,0.061570,0.121415
p019-ba,p019,equal-only,batik-svggen-1.18.jar,batik-all-1.18.jar,2837,160,2,1,1,0,160,160,0,0,2,0,300939,4370837,e1e30c2f614011ecb6acac334380507ec06a35f73ea92a884a9f52f3f5ce5627,0,0,160,160,160,160,0.727788,0.061640,0.090670
p020-ab,p020,equal-only,batik-all-1.18.jar,batik-svgpp-1.18.jar,2837,13,2,1,1,0,13,13,0,0,2,0,292971,4370895,427f4413af23577b70e05f0b06550af9095694805591115368162f1c99839825,0,0,13,13,13,13,0.685256,0.060355,0.118306
p020-ba,p020,equal-only,batik-svgpp-1.18.jar,batik-all-1.18.jar,2837,13,2,1,1,0,13,13,0,0,2,0,292971,4370895,1849d311f300259a41ad7dc44cc00ccec6681fbde007a2e84565cd14db290ac2,0,0,13,13,13,13,0.709120,0.064010,0.092462
p021-ab,p021,mixed,batik-all-1.18.jar,batik-svgrasterizer-1.18.jar,2837,49,1,1,1,0,48,0,48,48,1,1,293872,4370887,ae009a3f2e49ba759088fdf61499fb59cc5ef786ed38a915a55ef8442bc6fbfc,49,49,0,1,49,49,0.685370,0.055002,0.081992
p021-ba,p021,mixed,batik-svgrasterizer-1.18.jar,batik-all-1.18.jar,2837,49,1,1,1,0,48,0,48,48,1,1,294852,4370745,1624062c739436927fede0cabced7d335240cbdc30959ca548ace1cdf3423fdc,0,0,0,1,49,49,0.694774,0.072837,0.083176
p022-ab,p022,equal-only,batik-all-1.18.jar,batik-swing-1.18.jar,2837,170,2,1,1,0,170,170,0,0,2,0,301135,4370894,b94a18fcbecb925217ec2654617c34a190767f9e9a18b6a0b61009c0a92c20c0,0,0,170,170,170,170,0.690145,0.060423,0.123028
p022-ba,p022,equal-only,batik-swing-1.18.jar,batik-all-1.18.jar,2837,170,2,1,1,0,170,170,0,0,2,0,301135,4370894,0ef37548b5d12143513991c544ecd031129a44b5c6ff9b87cfd5416566128994,0,0,170,170,170,170,0.722681,0.081511,0.090832
p023-ab,p023,equal-only,batik-all-1.18.jar,batik-transcoder-1.18.jar,2837,63,2,1,1,0,63,63,0,0,2,0,296221,4370906,9fd117edbea37034c4f1e0bbb769c64ff5a3edbbdc2e101f3a2a5a74033d0ed8,0,0,63,63,63,63,0.696281,0.075362,0.097727
p023-ba,p023,equal-only,batik-transcoder-1.18.jar,batik-all-1.18.jar,2837,63,2,1,1,0,63,63,0,0,2,0,296221,4370906,300bcfba4f853b2d3a81074942552b29382f48751a388ba6a8ace0dbbd732923,0,0,63,63,63,63,0.711346,0.081227,0.090736
p024-ab,p024,equal-only,batik-all-1.18.jar,batik-ttf2svg-1.18.jar,2837,3,2,1,1,0,3,3,0,0,2,0,292471,4370919,43d8336cd6a6d0e3202f594468e893f6ece1616b03ad367f3865710913a9a978,0,0,3,3,3,3,0.695498,0.066925,0.108022
p024-ba,p024,equal-only,batik-ttf2svg-1.18.jar,batik-all-1.18.jar,2837,3,2,1,1,0,3,3,0,0,2,0,292471,4370919,9d3b9b16469fe117da0adaaf05a8d6946fae43da7db8cfa61a2eb153816a4222,0,0,3,3,3,3,0.656535,0.080142,0.105090
p025-ab,p025,equal-only,batik-all-1.18.jar,batik-util-1.18.jar,2837,85,2,1,1,0,85,85,0,0,2,0,296541,4370912,ded79888695a523ceaaa7f6e2925b9ee0d2e7b2feae2abe7500de899110b033f,0,0,85,85,85,85,0.691095,0.073140,0.093063
p025-ba,p025,equal-only,batik-util-1.18.jar,batik-all-1.18.jar,2837,85,2,1,1,0,85,85,0,0,2,0,296541,4370912,09a45dfef5bda2ca95ff5b15fc5e67b9fcdbe228cfa92d35f236bea2ce0c0c13,0,0,85,85,85,85,0.711095,0.061507,0.105492
p026-ab,p026,equal-only,batik-all-1.18.jar,batik-xml-1.18.jar,2837,9,2,1,1,0,9,9,0,0,2,0,292719,4370799,35b7f44f141916a884ce38edf82971fffb469b761db41793bc39ecf8c2ab0b66,0,0,9,9,9,9,0.705931,0.074021,0.087474
p026-ba,p026,equal-only,batik-xml-1.18.jar,batik-all-1.18.jar,2837,9,2,1,1,0,9,9,0,0,2,0,292719,4370799,cb00edec074a372209015040e0f513510536bfbb5cd1a16b892ae12c52c1a261,0,0,9,9,9,9,0.696446,0.063900,0.110528
p027-ab,p027,different-only,batik-rasterizer-1.18.jar,batik-svgrasterizer-1.18.jar,53,3,1,1,1,0,2,0,2,2,1,1,6729,63612,d5e132b1d922d2a88cba0d726031e93fed12d771bae25119a74230445bc93f74,3,0,0,1,3,3,0.012434,0.000611,0.003052
p027-ba,p027,different-only,batik-svgrasterizer-1.18.jar,batik-rasterizer-1.18.jar,53,3,1,1,1,0,2,0,2,2,1,1,6747,63470,004d44eae3d0dda897ea68587e6b16c42017b5e46fe65387be2ada1932bd7946,0,3,0,1,3,3,0.012494,0.000620,0.002957
p028-ab,p028,different-only,flow-engine-0.9.4.jar,liblayout-0.2.10.jar,1164,1,1,1,1,0,0,0,0,0,1,0,125224,1116949,42f1bce52b69ce8120aed49989222a1a1cf68e07dc6495f3fcbf9efca376223b,1,0,0,1,1,1,0.233073,0.019761,0.032533
p028-ba,p028,different-only,liblayout-0.2.10.jar,flow-engine-0.9.4.jar,1164,1,1,1,1,0,0,0,0,0,1,0,125222,1116825,ca06533f3a99fa4671a988558472ac866ca877a4b0895790b27fdf15e03f76c7,0,1,0,1,1,1,0.199492,0.020645,0.032805
p029-ab,p029,different-only,flow-engine-0.9.4.jar,libxml-1.1.7.jar,349,1,1,1,1,0,0,0,0,0,1,0,37651,372630,f3487cbbafe153a69bb141eb6415550cc1674c10b60d3fa31f063f1653582637,1,1,0,1,1,1,0.074947,0.006946,0.011523
p029-ba,p029,different-only,libxml-1.1.7.jar,flow-engine-0.9.4.jar,349,1,1,1,1,0,0,0,0,0,1,0,37641,372589,925eba90809abd984a07daf082c2c1f36ae5777e04c5711f1975882b0361a30e,0,0,0,1,1,1,0.075933,0.005082,0.009102
p030-ab,p030,equal-only,hsqldb1.8.0-1.8.0.10+dfsg.jar,hsqldbutil1.8.0-1.8.0.10+dfsg.jar,389,106,2,1,1,0,106,106,0,0,2,0,57185,827306,5a0354e49b5e3649bd0c7ba6502f3c8a897758789b97594b4023533e600d83f3,0,0,106,106,106,106,0.127063,0.008048,0.012226
p030-ba,p030,equal-only,hsqldbutil1.8.0-1.8.0.10+dfsg.jar,hsqldb1.8.0-1.8.0.10+dfsg.jar,389,106,2,1,1,0,106,106,0,0,2,0,57185,827306,b96d08d9e6cfb6ca5e3c4c2e7de78425ef21dad14f82899a57cd74d28371a4bd,0,0,106,106,106,106,0.126727,0.008786,0.012257
p031-ab,p031,equal-only,javax.mail-1.6.5.jar,javax.mail-api-1.6.5.jar,358,140,2,1,1,0,140,140,0,0,2,0,46798,682260,e5797cc1112acc1e7cac3c327f200f3034218ef5dfcecee309c529e56493bc2b,0,0,140,140,140,140,0.106664,0.007784,0.023030
p031-ba,p031,equal-only,javax.mail-api-1.6.5.jar,javax.mail-1.6.5.jar,358,140,2,1,1,0,140,140,0,0,2,0,46798,682260,6692f5897ca8801969237146e2d2a96de387ca41cb21bd1ea232f35ec97f898e,0,0,140,140,140,140,0.110521,0.005804,0.011877
p032-ab,p032,equal-only,javax.mail-1.6.5.jar,mailapi-1.6.5.jar,358,203,2,1,1,0,203,203,0,0,2,0,47708,682534,b5c5f2747c75bda6cf4a5905d342f04cb2cfb6bb5536579182b4541137d1b4f7,0,0,203,203,203,203,0.138220,0.008016,0.012725
p032-ba,p032,equal-only,mailapi-1.6.5.jar,javax.mail-1.6.5.jar,358,203,2,1,1,0,203,203,0,0,2,0,47708,682534,8dd31a62ae1850dd06637e6d6cc1c6197a502cd22742168f6c43f6804f757ca8,0,0,203,203,203,203,0.123266,0.008178,0.012171
p033-ab,p033,equal-only,javax.mail-api-1.6.5.jar,mailapi-1.6.5.jar,207,140,2,1,1,0,140,140,0,0,2,0,29411,366114,9815be27478cb6f9ca3992cd98aa2fb72eea7e8798d9621e19ae90536e561848,0,0,140,140,140,140,0.069707,0.004558,0.007721
p033-ba,p033,equal-only,mailapi-1.6.5.jar,javax.mail-api-1.6.5.jar,207,140,2,1,1,0,140,140,0,0,2,0,29411,366114,c8a0ab1d5cc28bc1c286107e02fe7a711c77db915e3882a79e52bbe6e0967f2a,0,0,140,140,140,140,0.068086,0.004569,0.007778
p034-ab,p034,different-only,liblayout-0.2.10.jar,libxml-1.1.7.jar,908,1,1,1,1,0,0,0,0,0,1,0,96858,900897,ecb2895cf1c3de9d1a1df19319ac709753a0c31e88c4651eae8b00320af139e2,1,1,0,1,1,1,0.191530,0.015625,0.036076
p034-ba,p034,different-only,libxml-1.1.7.jar,liblayout-0.2.10.jar,908,1,1,1,1,0,0,0,0,0,1,0,96850,900980,0cc2af60817fa337fb62261884376bebb3fad55be02c04ce098a4782f041010d,0,0,0,1,1,1,0.183441,0.018424,0.026977
p035-ab,p035,different-only,libreoffice-25.2.3.jar,unoloader-25.2.3.jar,3474,1,1,1,1,0,0,0,0,0,1,0,385672,2219961,0273f2bf27a52c5892708089b4fd0207d096f76bc5a931f732044093ff104d22,1,1,0,1,1,1,0.613153,0.015019,0.033448
p035-ba,p035,different-only,unoloader-25.2.3.jar,libreoffice-25.2.3.jar,3474,1,1,1,1,0,0,0,0,0,1,0,385668,2218206,a12f94aaa6d141456208a6d2c0bcf5b9415b28b782eb39db4842bea0c9dcbc19,0,0,0,1,1,1,0.175398,0.016196,0.034424
p036-ab,p036,different-only,sac.jar,xml-apis-1.3.04.jar,500,29,1,1,1,0,0,0,0,0,1,0,51826,301241,36f499f32b6e1eab2635104c43c28450e09457a4ec6d510a5427effe87bd2010,29,0,0,29,29,29,0.087403,0.008290,0.014887
p036-ba,p036,different-only,xml-apis-1.3.04.jar,sac.jar,500,29,1,1,1,0,0,0,0,0,1,0,52522,300903,600121bd58144bcb7787e8a897c7fabef9f5b2fd6334e2ce157308a53a6727f5,0,29,0,29,29,29,0.087143,0.010965,0.013492
p037-ab,p037,different-only,sac.jar,xml-apis-ext-1.4.01.jar,194,29,1,1,1,0,0,0,0,0,1,0,21000,83267,24623791f4c91cfc5c08f3f9e635fad601bd2a727ebe39f621b8c8b23258e0db,29,0,0,29,29,29,0.032563,0.001649,0.004974
p037-ba,p037,different-only,xml-apis-ext-1.4.01.jar,sac.jar,194,29,1,1,1,0,0,0,0,0,1,0,21928,82925,c979f2156f6ec65007fd4c05d6d253033c0489930fa7fe01360dc2d6ad41bbb6,0,29,0,29,29,29,0.033040,0.003834,0.007004
p038-ab,p038,equal-only,websocket-api.jar,websocket-client-api.jar,58,45,2,1,1,0,45,45,0,0,2,0,8662,37015,03353925a7069dc2443f930e95f36ee294991f201048bd465928ba3990ad35d8,0,0,45,45,45,45,0.013335,0.002788,0.003294
p038-ba,p038,equal-only,websocket-client-api.jar,websocket-api.jar,58,45,2,1,1,0,45,45,0,0,2,0,8662,37015,2f834cef5e32887ce73590176f12af9b2f89c5c4f83ed2139118ad7f07cd2b41,0,0,45,45,45,45,0.015695,0.000726,0.003162
p039-ab,p039,different-only,xml-apis-1.3.04.jar,xml-apis-1.4.01.jar,543,301,1,1,1,0,0,0,0,0,1,0,57085,329643,b7198d64622aaad6524cc389c215b5c093ad886df4329b33e88791217a12b826,301,301,0,301,301,301,0.120645,0.009305,0.015953
p039-ba,p039,different-only,xml-apis-1.4.01.jar,xml-apis-1.3.04.jar,543,301,1,1,1,0,0,0,0,0,1,0,57085,328898,114a8245e4809d1c6c90d0b687c2f48d5167ee6786fc14119d0c458bd110f086,0,0,0,301,301,301,0.086583,0.005063,0.008691
p040-ab,p040,different-only,xml-apis-1.3.04.jar,xml-apis-ext-1.4.01.jar,498,192,1,1,1,0,0,0,0,0,1,0,52360,299957,0222a1eb63376700b952324b773855967636cccbd436a85d09e94cdf0587816a,192,192,0,192,192,192,0.099493,0.010630,0.013430
p040-ba,p040,different-only,xml-apis-ext-1.4.01.jar,xml-apis-1.3.04.jar,498,192,1,1,1,0,0,0,0,0,1,0,53896,299760,d013da2d52978619ab2b387bd7d076a2c0570d7720b45ac9685f7b500c5034fc,0,0,0,192,192,192,0.096007,0.011024,0.015466
