case,group,phenomenon,providers,rows,incidences,status,developer,library,ambiguous,dependency_strictly_narrowed,bytes_strictly_narrowed,orders,certificate_bytes,producer_cpu_seconds,checker_cpu_seconds
g001,generated,identical,2,1,2,classified,0,0,1,0,0,2,186,0.00023199600000001208,6.542399999998061e-05
g002,generated,identical,3,1,3,classified,0,0,1,0,0,3,220,8.62400000000152e-05,5.251500000003073e-05
g003,generated,identical,5,1,5,classified,0,0,1,0,0,5,300,0.00015339100000000272,5.013499999995119e-05
g004,generated,identical,8,1,8,classified,0,0,1,0,0,8,450,0.00018255100000008628,6.250600000001771e-05
g005,generated,identical,16,1,16,classified,0,0,1,0,0,16,1140,0.000499989000000034,0.00011807900000004867
g006,generated,observed-chain,2,2,4,classified,2,0,0,2,1,1,384,0.00010225000000008144,5.980199999999769e-05
g007,generated,observed-chain,3,3,7,classified,2,1,0,3,1,1,682,0.0001650530000000261,7.251299999999627e-05
g008,generated,observed-chain,5,5,13,classified,2,3,0,5,1,1,1506,0.00019724099999995914,9.821399999998537e-05
g009,generated,observed-chain,8,8,22,classified,2,6,0,8,1,1,3312,0.00037512499999992066,0.00015956399999994542
g010,generated,observed-chain,16,16,46,classified,2,14,0,16,1,1,11775,0.0009175699999999232,0.0004024950000000027
g011,generated,shared-owner,2,1,2,classified,0,1,0,0,0,1,158,6.669000000003589e-05,3.225899999992343e-05
g012,generated,shared-owner,3,1,3,classified,0,1,0,0,0,1,160,5.469300000005006e-05,3.101299999996865e-05
g013,generated,shared-owner,5,1,5,classified,0,1,0,0,0,1,164,5.9975999999961616e-05,3.301200000005444e-05
g014,generated,shared-owner,8,1,8,classified,0,1,0,0,0,1,170,0.00010027499999998302,3.597299999991144e-05
g015,generated,shared-owner,16,1,16,classified,0,1,0,0,0,1,192,9.831400000004376e-05,4.663700000007154e-05
g016,generated,precedence-chain,2,1,3,classified,1,0,0,1,1,1,301,7.817399999998642e-05,4.2281000000032876e-05
g017,generated,precedence-chain,3,1,5,classified,1,0,0,1,1,1,524,9.649900000008316e-05,4.777200000005699e-05
g018,generated,precedence-chain,5,1,9,classified,1,0,0,1,1,1,1198,0.00015132900000003335,6.598199999996446e-05
g019,generated,precedence-chain,8,1,15,classified,1,0,0,1,1,1,2779,0.00024996599999993485,0.00010556900000002756
g020,generated,precedence-chain,16,1,31,classified,1,0,0,1,1,1,10572,0.002782481999999975,0.0003303729999999394
g021,generated,disjunctive-roots,2,2,4,classified,0,0,2,0,0,2,295,9.329499999999324e-05,4.668799999996143e-05
g022,generated,disjunctive-roots,3,2,6,classified,0,0,2,2,1,2,476,0.00010537799999998931,0.0012504190000000026
g023,generated,disjunctive-roots,5,2,10,classified,0,0,2,2,1,2,1070,0.00019257100000003025,8.797100000002e-05
g024,generated,disjunctive-roots,8,2,16,classified,0,0,2,2,1,2,2531,0.00038514400000000393,0.00012012999999999607
g025,generated,disjunctive-roots,16,2,32,classified,0,0,2,2,1,2,10051,0.0007523640000000054,0.0002727719999999767
g026,generated,observation-cycle,2,3,6,inconsistent,0,0,0,0,0,0,146,7.44889999999554e-05,3.4531999999920515e-05
g027,generated,observation-cycle,3,4,9,inconsistent,0,0,0,0,0,0,180,7.635699999997136e-05,4.0527000000012414e-05
g028,generated,observation-cycle,5,6,15,inconsistent,0,0,0,0,0,0,248,0.00012870199999992504,5.3745999999965655e-05
g029,generated,observation-cycle,8,9,24,inconsistent,0,0,0,0,0,0,350,0.00016715700000002887,6.990500000003674e-05
g030,generated,observation-cycle,16,17,48,inconsistent,0,0,0,0,0,0,641,0.0002281659999999741,0.00013181700000008956
g031,generated,path-relocation,2,1,2,classified,0,0,1,0,0,2,186,0.00010041199999999417,4.882200000000392e-05
g032,generated,path-relocation,3,1,3,classified,0,0,1,0,0,3,220,9.361500000004686e-05,4.4429999999984204e-05
g033,generated,path-relocation,5,1,5,classified,0,0,1,0,0,5,300,0.00011565299999993783,5.5446999999930746e-05
g034,generated,path-relocation,8,1,8,classified,0,0,1,0,0,8,450,0.00016831100000003207,7.003900000002172e-05
g035,generated,path-relocation,16,1,16,classified,0,0,1,0,0,16,1140,0.0003707589999999428,0.00012496699999997585
g036,generated,missing-payload,2,1,2,inconsistent,0,0,0,0,0,0,146,5.057599999991336e-05,2.5803999999962635e-05
g037,generated,missing-payload,3,1,3,inconsistent,0,0,0,0,0,0,180,5.301700000004406e-05,2.6072000000043616e-05
g038,generated,missing-payload,5,1,5,inconsistent,0,0,0,0,0,0,248,5.6111000000025335e-05,2.7121000000018824e-05
g039,generated,missing-payload,8,1,8,inconsistent,0,0,0,0,0,0,350,6.848999999997663e-05,3.410399999992375e-05
g040,generated,missing-payload,16,1,16,inconsistent,0,0,0,0,0,0,634,9.373800000000987e-05,5.180199999998969e-05
f001,fixture,developer-singleton,1,1,1,classified,1,0,0,0,0,1,156,5.7057000000027e-05,2.7638999999912706e-05
f002,fixture,library-singleton,1,1,1,classified,0,1,0,0,0,1,146,2.9620000000063484e-05,2.3698000000016428e-05
f003,fixture,equal-bytes-distinct-owners,2,1,2,classified,0,0,1,0,0,2,184,3.937599999992436e-05,2.612800000001414e-05
f004,fixture,equal-bytes-same-owner,2,1,2,classified,0,1,0,0,0,1,148,4.495299999995872e-05,2.7601999999959936e-05
f005,fixture,no-equal-payload,2,1,2,inconsistent,0,0,0,0,0,0,146,2.83450000000407e-05,1.817900000000705e-05
f006,fixture,no-provider,1,1,0,inconsistent,0,0,0,0,0,0,67,1.5712999999917265e-05,1.875899999992381e-05
f007,fixture,incompatible-observations,2,2,4,inconsistent,0,0,0,0,0,0,146,4.3929999999914315e-05,2.4264999999967785e-05
f008,fixture,precedence-cycle,2,1,4,inconsistent,0,0,0,0,0,0,154,3.722200000000342e-05,2.093800000002588e-05
f009,fixture,self-precedence,1,1,2,inconsistent,0,0,0,0,0,0,116,3.3575000000007904e-05,1.6970000000005037e-05
f010,fixture,empty-region-set,2,0,0,classified,0,0,0,0,0,1,72,1.889199999993707e-05,1.5159000000042333e-05
f011,fixture,unused-provider,3,1,3,classified,0,0,1,0,0,2,188,4.834499999994968e-05,3.043799999991048e-05
f012,fixture,cross-region-forcing,2,2,4,classified,2,0,0,2,1,1,384,6.820100000004548e-05,4.000300000006618e-05
f013,fixture,or-not-and,3,2,6,classified,0,0,2,2,1,2,472,7.860500000000936e-05,4.53689999999618e-05
f014,fixture,developer-precedence,2,1,3,classified,1,0,0,1,1,1,301,5.220299999997291e-05,3.131699999991966e-05
f015,fixture,same-owner-shadowed-provider,3,2,6,classified,0,2,0,2,1,1,404,6.327099999992036e-05,3.9367000000067875e-05
f016,fixture,prefix-boundary,2,2,2,classified,1,1,0,0,0,1,235,7.256700000002336e-05,3.888000000007441e-05
f017,fixture,longest-prefix,1,1,1,classified,1,0,0,0,0,1,156,4.734200000000577e-05,3.0315999999919185e-05
f018,fixture,simultaneous-not-cascading,1,1,1,classified,1,0,0,0,0,1,156,4.4817000000030305e-05,2.7257999999918958e-05
f019,fixture,noninjective-provider-rejected,1,0,0,admission-rejected,0,0,0,0,0,0,0,0,0
f020,fixture,bytecode-relocation-rejected,1,0,0,admission-rejected,0,0,0,0,0,0,0,0,0
