category,citation_key,title,year,venue,access_basis,motivating_problem,general_principle,proof_or_performance_argument,practical_connection,evaluation_breadth,artifact_strength,narrative_sequence,lesson_for_this_project
same-venue,libam,LibAM: An Area Matching Framework for Detecting Third-Party Libraries in Binaries,2024,ACM TOSEM,publisher record and full author manuscript,Detect reused library areas when whole-library and package boundaries are unreliable.,Build function-level area representations and align anchors rather than relying on names alone.,"Algorithm design is supported by matching rationale, component analyses, and comparative detection results.",Shows the practical upstream candidate-discovery problem that exact provenance certificates do not solve.,Large binary corpus with comparisons and ablations.,Author manuscript and implementation/evaluation detail are sufficient for methodological comparison.,Problem -> limitations of whole-library matching -> area model -> alignment -> evaluation -> threats.,"Use a concrete running notion of region, compare to strongest practical systems, keep exact-byte scope explicit."
same-venue,incompatibleapi,Automatically Detecting Incompatible Android APIs,2024,ACM TOSEM,publisher full text/metadata,Android API behavior and availability differ across versions and devices.,Combine static analysis and compatibility specifications to identify incompatible uses.,Precision/recall and application-level evaluation connect analysis choices to actionable incompatibilities.,Demonstrates TOSEM expectations for Android-specific modeling plus empirical validation.,Multi-app empirical study with baselines and error analysis.,"Detailed algorithm, implementation, dataset, and threats.",Motivation -> taxonomy/model -> analysis -> study -> implications/threats.,Separate language assumptions from empirical claims and report unsupported Android features directly.
same-venue,tamingreflection,Taming Reflection: An Essential Step Toward Whole-program Analysis of Android Apps,2021,ACM TOSEM,publisher/author full text,Reflective calls hide targets from Android whole-program static analysis.,Resolve reflective targets through constant propagation and instrument equivalent direct calls for downstream analyzers.,Benchmark and real-app evaluation measure target recovery and downstream analysis improvement; the paper does not claim complete reflection resolution.,Shows why reflection can invalidate a closed static inventory and remains outside the present build language.,"Benchmark apps, real-world apps, and downstream static analyses.",DroidRA implementation and author manuscript support method and evaluation inspection.,Concrete failure mode -> recovery method -> integration -> evaluation -> limitations.,"State excluded mechanisms once, explain why they can invalidate inventory completeness."
same-venue,hiddenops,Demystifying Hidden Sensitive Operations in Android Apps,2023,ACM TOSEM,publisher/author full text,Sensitive behavior can be hidden behind framework and atypical invocation mechanisms.,Model hidden operations and reveal them to security analysis.,Empirical discovery plus static-analysis validation supports practical significance.,Shows that observed byte ownership is not equivalent to behavioral visibility.,Broad Android-app study with categorization and validation.,Method and dataset pipeline described; artifacts discussed.,Phenomenon measurement -> model -> detector -> application study -> threats.,Do not overclaim downstream security benefit from a boundary certificate alone.
same-venue,reunify,Demystifying React Native Android Apps for Static Analysis,2025,ACM TOSEM,publisher full text,Cross-language React Native structure fragments code and call information.,Recover and unify native/JavaScript components for analysis.,System design is evaluated on real applications and downstream tasks.,Illustrates why a complete Android front end needs more than JAR composition.,Real React Native app corpus and comparative analysis.,Implementation and empirical pipeline are documented.,Ecosystem gap -> unification architecture -> implementation -> evaluation -> implications.,"Frame the current archive language as a reusable kernel, not an end-to-end Android solution."
same-venue,archer,Resolving Conditional Implicit Calls to Improve Static and Dynamic Analysis in Android Apps,2026,ACM TOSEM,publisher metadata and accessible full text,Android framework callbacks and conditional implicit calls are missed by conventional call graphs.,Resolve implicit calls with conditions and integrate them into analyses.,Static/dynamic downstream improvements and validation show practical consequences.,Provides a recent bridge showing continued Android-analysis emphasis on missing semantics.,"Application corpus, call-edge validation, downstream tasks.",Recent TOSEM article with explicit method/evaluation structure.,Problem evidence -> conditional-call model -> tool -> evaluation -> threats.,Use contemporary closest work to bound claims and motivate authenticated build evidence.
same-venue,arcturus,ARCTURUS: Full Coverage Binary Similarity Analysis with Reachability-guided Emulation,2024,ACM TOSEM,publisher/author full text,Binary similarity misses behavior when static coverage is incomplete.,Guide emulation with reachability to improve representation coverage.,"Coverage, accuracy, ablation, and performance studies support the system claim.",Contrasts similarity-based candidate discovery with exact-byte certification.,Multiple benchmark corpora and baselines.,Tool/evaluation detail and ablations strengthen artifact expectations.,Coverage limitation -> hybrid principle -> architecture -> experiments -> analysis.,Keep reference methods honest and avoid presenting local byte equality as a detector benchmark.
same-venue,beyondtests,Beyond Tests: Program Analysis as a Generalisation of Testing,2021,ACM TOSEM,publisher full text,Testing samples executions while analysis can summarize larger behavior sets.,Relate testing and program analysis through a common conceptual framework.,The argument is conceptual and illustrated through analysis/testing correspondences.,Supports explaining certificates as set-valued semantic evidence rather than another heuristic test.,Analytical examples and framework discussion rather than a corpus benchmark.,Conceptual contribution with clear definitions and examples.,Unifying question -> formal/conceptual model -> examples -> implications.,Lead from a concrete ambiguity to the general principle before implementation details.
same-venue,seads,SEADS: Scalable and Cost-effective Dynamic Dependence Analysis of Distributed Systems via Reinforcement Learning,2021,ACM TOSEM,publisher full text,Dynamic dependence tracking in distributed systems is costly.,Use adaptive selection to reduce observation cost while retaining useful dependence information.,Performance/accuracy trade-offs are evaluated at scale with baselines.,Offers a contrasting empirical systems style; it is not a methodological ancestor.,"Distributed-system workloads, scalability, cost/accuracy analyses.",Detailed evaluation and ablations.,Cost problem -> adaptive design -> implementation -> large evaluation -> trade-offs.,"Report resource behavior as measured evidence, not as a universal complexity claim."
same-venue,reliablefix,Reliable Fix Patterns Inferred from Static Checkers for Automated Program Repair,2023,ACM TOSEM,publisher/author full text,Static checker findings can seed repair but naive pattern mining is unreliable.,Infer and validate fix patterns grounded in checker evidence.,"Large-scale empirical validation, baselines, and error analysis establish reliability limits.",Reinforces the distinction between trusted checking evidence and heuristic production.,Repository-scale study with multiple checker/fix dimensions.,Toolchain and datasets described; empirical artifacts emphasized.,Reliability gap -> evidence-grounded method -> study -> failure analysis.,Make producer/checker trust separation central and include adversarial mutations.
same-venue,seal,SEAL: Integrating Program Analysis and Repository Mining,2023,ACM TOSEM,publisher full text,Static analysis and repository history offer complementary evidence but are often isolated.,Integrate code semantics with mined evolution information.,Evaluation measures benefit over isolated evidence sources and analyzes costs.,Motivates explicit evidence layers and cautions against conflating discovery with certification.,Multi-project empirical evaluation with comparative variants.,System and empirical protocol described.,Complementary evidence -> integration architecture -> experiments -> validity.,"Separate upstream candidate evidence, build evidence, certificate, and downstream policy."
same-venue,supplychainresearch,Research Directions in Software Supply Chain Security,2025,ACM TOSEM,publisher full text,"Software supply-chain risks span dependencies, builds, provenance, and governance.",Organize open research directions across the supply chain.,Synthesis argument maps threat surfaces and research gaps rather than testing one tool.,Places authenticated inventories and build traces in the broader provenance landscape.,Broad literature synthesis and agenda.,No single artifact; value is taxonomy and cross-area synthesis.,Scope/taxonomy -> challenges -> research agenda.,State what the certificate can consume from provenance systems and what it cannot authenticate itself.
influential,pcc,Proof-Carrying Code,1997,POPL,publisher full text,A code consumer should validate safety without trusting the producer.,The producer supplies a proof; a small checker validates it against a policy.,Formal safety argument and examples establish the architectural principle.,Direct conceptual foundation for separating boundary production from replay.,Foundational examples rather than modern corpus evaluation.,Formal method; no modern replication package expectation.,Threat model -> proof architecture -> validation -> examples.,Make checker obligations explicit and smaller than producer search.
influential,compcert,Formal Verification of a Realistic Compiler,2009,CACM,publisher full text and project documentation,Optimizing compilers are too complex to trust solely through testing.,Mechanize a semantics-preservation proof for a realistic compiler.,Machine-checked proof plus performance/practicality evidence supports trust claims.,Sets a higher bar than this ordinary proof and clarifies the absence of mechanized refinement.,Compiler benchmarks and proof-engineering experience.,Long-lived verified implementation and documentation.,Trust problem -> semantic theorem -> architecture -> evidence -> limits.,"Distinguish ordinary theorem proof, finite oracle, and implementation assurance."
influential,flowdroid,"FlowDroid: Precise Context, Flow, Field, Object-sensitive and Lifecycle-aware Taint Analysis for Android Apps",2014,PLDI,publisher/author full text,Android lifecycle and callbacks frustrate precise taint analysis.,Model lifecycle semantics with a precise interprocedural data-flow analysis.,"Benchmark and real-app experiments measure precision, recall, and performance.",Canonical evidence that Android claims require lifecycle-specific semantics and application studies.,Microbenchmarks and large real-app evaluation.,Widely used tool and benchmark ecosystem.,Android challenge -> formal/algorithmic design -> implementation -> evaluation.,Do not transfer JAR-fragment evidence to complete Android analysis.
influential,buildsystems,Build Systems à la Carte,2018,PACMPL/ICFP,publisher full text,"Build systems mix dependency discovery, scheduling, and rebuilding semantics.",Factor build systems into reusable abstractions and explicit choices.,Equational/semantic reasoning and implemented models explain design trade-offs.,Supports freezing one composition language instead of treating “the build” as implicit.,"Comparative models and implementations, not an Android corpus.",Executable models accompany conceptual analysis.,Design-space problem -> abstractions -> instances -> trade-offs.,Define worlds and builder semantics before discussing algorithms.
influential,intoto,in-toto: Providing Farm-to-Table Guarantees for Bits and Bytes,2019,USENIX Security,open proceedings full text,Consumers lack end-to-end evidence about software supply-chain steps.,Record and verify signed link metadata for authorized steps and materials/products.,"Security design, deployment experience, and performance evidence support feasibility.",Shows how authenticated provider lists/orders could discharge the certificate’s completeness premise.,Case studies and performance/security analysis.,Open implementation and specification.,Threats -> metadata model -> verification -> deployments -> limitations.,"Treat inventory authenticity as an upstream premise, not something inferred from output bytes."
adjacent,androlibzoo,AndroLibZoo: A Reliable Dataset of Libraries Based on Software Dependency Analysis,2024,MSR,full author manuscript and published record,Android analyzers need a reliable evolving library catalogue.,Mine declared software dependencies and refine identifiers into a reusable dataset.,Dataset construction statistics and validation explain coverage and limitations.,Historical problem source; candidate catalogue is upstream of per-build certification.,Large dependency-derived catalogue; no per-region build oracle.,Dataset and construction process are public-facing.,Need -> collection/refinement -> dataset characterization -> limitations.,Explain the trust-boundary change without mischaracterizing catalogue methods.
adjacent,libscout,Reliable Third-Party Library Detection in Android and its Security Applications,2016,CCS,author-hosted full text,Package names and hashes fail under common Android transformations.,Build structural profiles from original SDKs to identify libraries and versions.,Detection evaluation and security applications establish practical relevance.,Strong practical detector that the current exact-byte study does not outperform.,Large app/library evaluation and downstream security cases.,Tool methodology and evaluation are documented.,Detector gap -> profile design -> evaluation -> security applications.,Position certification after candidate discovery; do not call a name lookup “LibScout-like”.
adjacent,libd,LibD: Scalable and Precise Third-Party Library Detection in Android Markets,2017,ICSE,publisher/author full text,Market-scale library detection needs both scalability and precision.,Use feature-based clustering/matching suitable for large Android corpora.,"Market-scale comparisons measure precision, recall, and cost.",Highlights ecosystem-scale requirements outside the current bounded archive fragment.,Large Android-market study.,Algorithm and corpus methodology described.,Scale problem -> representation/index -> study -> applications.,Keep scale-probe claims descriptive and separate from market-scale applicability.
adjacent,libid,LibID: Reliable Identification of Obfuscated Third-Party Android Libraries,2019,ICSE,publisher/author full text,Obfuscation and library customization defeat naive identifiers.,Combine resilient signatures and matching to identify library identity/version.,Evaluation across transformed libraries/apps tests robustness.,Defines a transformation tolerance frontier beyond exact-byte observation.,Obfuscation-focused benchmark and app study.,Tool and benchmark pipeline described.,Transformation threat -> robust features -> matching -> evaluation.,Reject unsupported transforms instead of silently inheriting detector equivalence.
adjacent,atvhunter,ATVHunter: Reliable Version Detection of Third-Party Libraries for Vulnerability Identification in Android Applications,2021,ICSE,publisher/author full text,Vulnerability analysis needs exact third-party library version identification.,Use multi-stage structural matching to identify versions despite transformations.,Version-level detection and vulnerability studies connect method to security use.,"Shows owner identity, version identity, and vulnerability attribution are distinct claims.",Library/version corpus plus real-app vulnerability analysis.,System implementation and evaluation are documented.,Versioning need -> matching pipeline -> evaluation -> vulnerability study.,Avoid claiming legal/security attribution from first-winner provenance alone.
